DOUBLE DRAGON,0.04306969459671105
PLAIN BLUE BANNER,0.055897149245388494
GOLDWEAVER,0.10021097046413503
SUPREME PROFIT,0.04953809077520418
THE ONLY KID,0.09966777408637874
WINNING ADVANTAGE,0.03333333333333333
CARE FREE ELEGANCE,0.0125
COOL PAL,0.07044864664441973
TAI PO FORTUNE,0.026533996683250415
SUPER HORSE,0.01646090534979424
AMAZING GIFT,0.07342143906020558
LITTLE WIND,0.013793103448275862
EVERSPRING,0.03651856360316494
TRUMP,0.029588817467605343
MULTIVICTORY,0.04527960153950645
HELENE SUPER STAR,0.02589686952547795
DEEP THINKER,0.021555947481873408
LITTLE MEN,0.03012048192771084
SMART MAN,0.040233353450010056
ROYAL PARTNER,0.026012138998199166
SICHUAN EXEC,0.039797395079594795
JOLLY VICTOR,0.02399520095980804
SICHUAN VIGOUR,0.030314513073133757
AUTUMN GOLD,0.05633321952884944
PENGLAI XIANZI,0.02568383202773854
FLYING ELITE,0.011858879335902756
FREE JUDGEMENT,0.016877637130801686
JUST MISTERE,0.020754064337599444
MASSIVE,0.13850415512465372
SHANGHAI PIONEER,0.03115264797507788
POSITIVE ENERGY,0.06111535523300229
KING ON EARTH,0.049212598425196846
JUST GOOD,0.034782608695652174
MONEY CAFE,0.13008130081300814
FLYING KEEPER,0.043290043290043295
SUPER TEAM,0.023148148148148147
CALIFORNIA ROCK,0.05740528128587831
JOYFUL LUCK,0.030612244897959186
SPARKLING SWORD,0.050818746470920384
ALLEY-OOP,0.015283842794759825
AMERICAN FAME,0.017391304347826087
GOLDEN HARVEST,0.021312872975277068
SMART VOLATILITY,0.07001166861143523
PENIAPHOBIA,0.14354066985645936
LORD SINCLAIR,0.03261755911932591
CHARLES THE GREAT,0.03729146221786065
BEST ELEVEN,0.020467836257309944
TOUR DE FORCE,0.03248259860788863
HELENE SPIRIT,0.0625
BULLISH FRIEND,0.03317720530835285
DIVINE TEN,0.5
EL ZONDA,0.011811023622047244
ROMANTIC CASH,0.11568123393316193
HIT THE BID,0.048163756773028296
EXCITABLE BOY,0.06190476190476191
COLLAGEN,0.0707070707070707
WINNING BOY,0.04631947921882824
FOREVER AHEAD,0.04777070063694267
LUCKY DAY,0.04708577246118605
HEARTLAND,0.0373931623931624
OPTIMISM,0.04219965712778583
SILVER DRAGON,0.047332185886402756
ELEGANT FRAMES,0.03453379378391712
ABLE WARRIOR,0.09562841530054644
WIN CHANCE,0.02976458915847389
GOLDEN GUNNERS,0.04398240703718513
SENSATION,0.04695837780149413
MELLIFLUENT,0.054531290573876914
HAYHAY,0.033804548248309765
INCREDIBLE FELLOW,0.05
VICTORY GENERAL,0.0449438202247191
FLASHING GUY,0.03894080996884735
ORIENTAL PROSPER,0.042347247428917115
GALLANT ROCK,0.04970708325936446
REAL FIT,0.03253182461103253
OCEAN ROAR,0.027506532801540362
HIGHLAND DRAGON,0.03958044725905403
SIR JOHN,0.030046435400163895
EXAGGERATION,0.01282051282051282
DARK CORE,0.03262233375156838
JAZZY FEELING,0.022318660880347178
SMART BALL,0.1440922190201729
GOOD CHOICE,0.045819014891179836
PRINCIPAL,0.01937643121366919
KING OF REASON,0.03941857600394186
OVETT,0.02836074872376631
SUPREME FLIGHT,0.038769707934866886
WHY NOT,0.043644298963447896
AMBASSADORSHIP,0.025746050321825628
STARTING OVER,0.053787539220080685
BEST TANGO,0.03981660231660231
MEGA CHAMPION,0.04791238877481178
TURBO JEWELLERY,0.02770814091568808
HIDDEN VALUE,0.196078431372549
GRAND HARBOUR,0.050048828125
VARA PEARL,0.05269320843091335
HIT A HOME RUN,0.03335804299481096
DEMOKLES,0.07551240560949299
BEAUTY JOURNEY,0.05122950819672132
GLOBAL FAME,0.026239067055393583
CULTURAL CITY,0.06662628709872803
MARK TWO,0.10733452593917711
LIBERAL OF MIND,0.017467248908296942
FULL OF FUN,0.01639344262295082
WATCH KING,0.012376237623762377
GOOD THINKER,0.04091910607491344
HAPPY ROCKY,0.03054989816700611
SUPREME FALCON,0.05523731587561374
UNIVERSAL UNION,0.05877167205406993
CALLING WITH LOVE,0.22123893805309736
SEASONS STAR,0.04350736278447122
ALL GREAT FRIENDS,0.052828902522154074
LITTLE DRAGON,0.046573519627411845
FASHION MAESTRO,0.034808552958727
IMPERIAL FIGHTER,0.014457831325301203
G-ONE LEADER,0.046700507614213196
EN CIVIL,0.04008746355685132
PEARL WIN,0.03415967206714815
SPARKLING B,0.013824884792626729
BUNDLE OF JOY,0.03996003996003996
LONDON CHINA TOWN,0.07407407407407407
CHARITY JOY,0.040392383150605886
MY LITTLE FRIEND,0.04207060545088714
CALIFORNIA BOUNTY,0.0318945354029343
BEAR HERO,0.022670025188916875
SPEEDYGONZALEZ,0.013059844818314511
GURUS DREAM,0.01933197293523789
EXCITING DREAM,0.04900868790376475
CRACKERJACK,0.010101010101010102
ATACX,0.024793388429752063
MY NAME IS BOND,0.017449238578680203
BUNDLE OF LOVE,0.028169014084507043
ENSEMBLE,0.024390243902439025
FIERY PATROL,0.03389830508474576
SHANTARAAM,0.0397456279809221
CROATIA,0.030998140111593308
CRUISE CONTROL,0.06923289947382999
ALL MY BENEFIT,0.09783368273934309
EASY AHEAD,0.04034291477559254
HEAR THE ROAR,0.038781959207124385
COMMANDANT,0.047210300429184546
EAGLE KING,0.03038743985819195
VIVA GUY,0.03064215294431122
PALEPALE,0.0246669955599408
HAPPY GOAL,0.11479591836734693
SLEDGE HAMMER,0.044268406337371856
FRESH AIR,0.07155635062611806
MISTER MARC,0.04010868158882132
DIAMOND ANGEL,0.025270758122743684
GOLD TALENT,0.0466395599138962
P J HALL,0.05157297576070139
IT CAN ONLY BE YOU,0.01557632398753894
ALWAYS WONDERFUL,0.03691550451189499
NINE DRAGONS,0.07575757575757576
CONFUCIUS ELITE,0.1043115438108484
GRAND PLUS,0.06563115292058629
CALL ME ACHIEVER,0.03620207339147606
SECRET AGENT,0.0512
DANEWIN TIGER,0.03463333835265773
HURRY HURRY UP,0.05201162612819337
POLYMER WIN,0.09538950715421304
RUGBY AMBASSADOR,0.03773015393902807
MEDIC KINGDOM,0.0292873413602343
SMART PLANET,0.03664582884242294
EXPEDITE,0.02638334284084427
FOREVER GENKI,0.01882845188284519
SOUL ACHIEVER,0.07090012330456226
LONGWAH AMBER,0.034223134839151265
BRIGHT CONCEPT,0.07202426080363912
KING OF HOUSEHOLD,0.10746606334841628
STREET CAT,0.02981029810298103
CITY POWER,0.022383883603805266
COLUMBUS LINE,0.09708737864077671
GLORIOUS AVENUE,0.030187688673054207
BERNARD'S CHOICE,0.024562924432885422
LUCKY SCEPTER,0.041728031418753066
FLYING RED,0.05387205387205387
BLACK STAR,0.013785790031813362
GLACIER BLUE,0.03135732417500373
SOUTHERN SPRINGS,0.019049634881998095
GOLDLAND DANCER,0.037664783427495296
SMILING WATCH,0.016474464579901153
RIYADH,0.02313624678663239
HO IN ONE,0.032209576980888985
OLE OLE,0.016901408450704227
ALPINEFIELD,0.1408450704225352
FLYING UNICORN,0.017426273458445038
VANILLA,0.025595709671521725
BACKBENCH BLUES,0.016570008285004142
NONE OTHER,0.02754062241806665
RACING HERO,0.021933524548675556
VERDANE,0.04916689429117727
OYSTER,0.05357142857142857
MAZANDARAN,0.07963594994311717
SKIP COURT,0.04177545691906005
RECORD AGAIN,0.05514705882352941
IMPERIAL CONCORDE,0.03471570651154063
ROCK THE TREE,0.036116729268997394
FIGHTING BOY,0.060768108896451144
HOXO,0.03449597546952856
CHATER D'CAT,0.05128205128205128
ALL FRIENDS,0.027334851936218676
DISCIPLES TWELVE,0.044028618602091354
MARVEL TRIBE,0.03319597069597069
ST YAZIN,0.038070015724571714
DANE PATROL,0.06547619047619048
GENEROUS BOBO,0.05720823798627002
WINFULL PATROL,0.06868481302467565
ROMAN LEGEND,0.023809523809523808
HARBOUR PUNK,0.09090909090909091
PURE FORCE,0.029411764705882353
MERIDIAN TREASURE,0.02198492462311558
WINNING KING,0.024077046548956663
KING DERBY,0.03648747263439552
APOLLO CAVALIER,0.02207505518763797
CHEETAH BOY,0.035842293906810034
CLEVER BEAVER,0.07518796992481203
KIROV,0.047664442326024785
AMBITIOUS KING,0.04857512953367877
GETAWAY GUY,0.03206997084548105
LONDON WALK,0.040229885057471264
COMEBACK KID,0.032679738562091505
LAUGH OUT LOUD,0.0296708391284191
OSCAR MIRACLE,0.03871681415929204
REAL GENERAL,0.026260504201680673
WIN IT,0.043859649122807015
BEAUTY KING,0.05017561465127948
SPICY DRAGON,0.016129032258064516
UNIQUE HAPPIEST,0.06082949308755761
DASHING SUPER,0.025324469768914216
BALTIC WARRIOR,0.07731958762886598
MEDIC SWORDSMAN,0.02545364972493637
INDIGO WAY,0.026481297583581597
COLOURFUL PROFIT,0.023389708528247566
MAC ROW,0.03720238095238095
FULL TALENT,0.05566470203012443
REGENCY KING,0.020198881292728402
WHAT YOU DREAM,0.11658031088082901
INDUSTRIALIST WAY,0.061373726821624446
REAL SUPREME,0.03475798146240989
ARCHIPPUS,0.06565857540787903
CHARITY KINGDOM,0.03722084367245657
GRACEFUL KINGDOM,0.03341957740405348
STEP HIGH,0.03779130799916019
GRAND ELITE,0.017094017094017096
STRATHTAY,0.04330708661417323
TARZAN I AM,0.0323874151758174
WINNING APEX,0.01595744680851064
VITAL PRINCE,0.0110803324099723
UNIQUE JOYFUL,0.09226594301221167
ALL TIMES LUCKY,0.025170068027210887
FUJIAN SPIRIT,0.0462962962962963
SUCCESSFUL LEADER,0.03202328966521106
ULTIMATE GLORY,0.05463627848891664
WINNING PREMIUM,0.03784693019343986
JOLLY SPRING,0.05805515239477503
SPEEDY LONGWAH,0.04051620648259305
EXCEL ONESELF,0.040165251319715406
BLISS CARTEL,0.030718034045821067
BUNKER SHOT,0.08571428571428573
FOUR FOUR FIVE,0.014267370523612497
THE PRINCE,0.06830052229811169
BRILLIANT DREAM,0.09178990311065782
MULTI-WIN GENERAL,0.021557531662624627
GENUINE CHAMPION,0.08488964346349746
KOKODA,0.06230529595015576
CHINA POWER,0.025787965616045846
GLORIOUS VICTORY,0.022514409221902017
MI SAVVY,0.05979760809567617
SUPER TORNADO,0.023255813953488372
BEST JADE TRIUMPH,0.04897159647404505
LA COTE DE BLEU,0.08561643835616438
FLORAL MAN,0.10869565217391303
ELECTRONIC GOSPEL,0.0712166172106825
HELEN'S CHOICE,0.0558759913482336
CASA JUNIOR,0.02229654403567447
ARCHER'S BOW,0.11718749999999997
ORIENTAL FANTASIA,0.1287852419074139
PERFECT TRIUMPH,0.02487236549286556
VIVA DOLPHIN,0.01694915254237288
LOTUS LOVE,0.012195121951219513
SWEET BEAN,0.04679457182966776
TERRIFIC MASTER,0.043904580711254214
DUAL HAPPY,0.028097062579821197
GLORIOUS RYDER,0.053595355069227336
SPIRIT SOARING,0.0536480686695279
MOBILE KING,0.06038086391082211
ROBUST MOMENTUM,0.04257847311615011
DRAGON BACHELOR,0.03950834064969271
TELECOM PRINCE,0.023184740225524293
OXFORD CHARLEY,0.11605415860735009
DRAGON,0.05085823267641449
DRAGON PINS,0.024671052631578948
HARBOUR DELIGHT,0.03958828186856691
PRESIDENT LINCOLN,0.0226628895184136
FASTER MORE,0.20887728459530028
DANEWIN EXPRESS,0.07393274505127595
ALWAYS SOMETHING,0.029953917050691243
CHANCELLOR,0.03336892685531233
SPINNING DANCER,0.06329113924050632
THANKSGIVING,0.02112888620585572
AMBITIOUS CHAMPION,0.05926979611190138
BUDDY BUDDIES,0.021551724137931036
TOWERING STORM,0.047890955977159706
AGIAAL,0.034479261738160426
PEACE ON EARTH,0.02733435381587579
TEOFILO CALVA,0.321285140562249
PRECISION KING,0.0359040643400833
KEY WITNESS,0.058928571428571434
FAT CHOY HONG KONG,0.04480286738351255
GREAT STORM,0.017341040462427747
SEA DIAMOND,0.10309278350515463
GORGEOUS DEBUT,0.03330161750713606
IMPERIAL ROME,0.04547751389590702
BUSINESS AS USUAL,0.019469026548672566
KABAYAN,0.08853681267474371
BEAUTY FLAME,0.0503989920201596
DUNDONNELL,0.03722084367245657
MIZANI,0.12195121951219513
MR GNOCCHI,0.04701859371660611
SUPER LIFELINE,0.05122143420015761
DESTINED FOR GLORY,0.019230769230769232
WINNING LEADER,0.022986618504227896
SAME WORLD,0.01582815149802148
PLEASURE GAINS,0.019637462235649546
BUBBLE CHIC,0.01822079314040729
LOVELY BOY,0.08450704225352113
PIKACHU,0.08138787748982651
MASTER SOMMELIER,0.06430868167202572
GOOD GOOD VIEW,0.04647403515861791
HAPPY CHAMPION,0.03322259136212624
JOYFUL THE GREAT,0.05299768135144088
BIG FOUR,0.04089487611258119
MIGHTY EQUUS,0.024862736972961774
GREAT RUN,0.027093278286672687
ULTIMATE WINNERS,0.014511873350923483
SNITZEL KID,0.027241208519068846
WORLD CITY,0.04282288454950326
NAUGHTY BABY,0.03758221108675227
KIM GLORY,0.06493506493506493
GLORY HORSIE,0.034667859539252964
CAPTAIN AMERICA,0.0501002004008016
ISLAND SPRING,0.08547008547008546
COSMO ONE,0.05238649592549476
TRILLION TREASURE,0.037563724174939625
DELIGHT FORTUNE,0.032467532467532464
MIGHTY GAINS,0.04157658406785299
YEUNG SING,0.07040346601678851
CHINA GOOD,0.0316301703163017
FOREST COLOURS,0.04219409282700422
LEELI'S STAR,0.02127659574468085
DARK SECRET,0.09259259259259259
ENJOY THE GAME,0.035278154681139755
HUMONGUS,0.04421983575489576
TELECOM SUPREMO,0.0813008130081301
MIZZEN GREY,0.04667081518357188
BAMBOO DANCE,0.07950028392958547
RUMBA KING,0.03862150920974451
WINNING INSTINCT,0.04760015866719556
GREAT SKY,0.02460574879767364
YOU ARE THE ONE,0.033582089552238806
SIGHT BELIEVER,0.07361487795428127
ALL WIN BOY,0.04523996852871754
CAGA FORCE,0.0271665308340125
HEARTS KEEPER,0.03593369653413701
FAY DEEP,0.031168831168831165
CHEERS VICTORIES,0.036351619299405155
REAL CHAMPION,0.05
SNOW SLIDER,0.06167873424510595
MASSIVE IMPACT,0.015290519877675839
SUNSHINE KID,0.04595588235294118
JUN JU,0.0535801266439357
PRECIOUS GEM,0.02871271335141171
HORSE SUPREMO,0.04051707505305808
NOVEL START,0.031728764391260995
EASY SUCCESS,0.04697986577181208
SAFARI MAGIC,0.08253692441355341
WIN ALONG,0.034103827207275485
DRAGON GLORY,0.029282576866764276
CRIMSON HEART,0.05163511187607573
GO GO WIN,0.0595434998346014
SURE CHAMP,0.050808314087759814
HOLY MAC,0.02574257425742574
SPICY SIAM,0.01775147928994083
MIGHTY K,0.06255585344057193
KA YING KID,0.03532570298148933
REBORN TO WIN,0.14814814814814814
SO CAFFE,0.11055276381909548
JUN GONG,0.027672085783465927
FUN RIDER,0.025477707006369428
HEAVENISARACEHORSE,0.02562012344241295
HO LEE HORSE,0.03375843960990248
I'M IN CHARGE,0.0487012987012987
GENTILIS,0.028921910840730033
BRAVE BROTHER,0.017827756445419635
WAH MAY BABY,0.041922290388548056
SPITFIRE,0.045915901401643304
FUN TAPESTRY,0.029036941442168084
YOU READ MY MIND,0.036517846625044176
FIONN'S TREASURE,0.017709563164108617
GLORY BOY,0.02055222947010991
WILD BOY,0.05012912046179553
WHISTLE BLOWER,0.10167768174885614
SOLAR SPIRIT,0.014619883040935672
NAZAKAT'S LAD,0.2222222222222222
TRENDIFUL,0.05708848715509039
JOY TOGETHER,0.04426285325161729
ENDORSING,0.04144791378833933
INTELLECTUAL GLIDE,0.03562144988928469
ACCESS YEARS,0.049130763416477694
MASTER KOCHANWONG,0.06074411541381929
GREAT SPIRIT,0.037584565271861686
HYPERSONIC,0.05351681957186544
HARBOUR MASTER,0.03552397868561279
NOBLE ALPHA,0.029222676797194622
GOLD PRECIOUS,0.04442727448329147
SPURS ON,0.038150807899461396
LYRIC ACE,0.06398293788323113
TRIUMPHANT WAY,0.02040816326530612
HIGH SPEED METRO,0.05535530381050464
JUN HAO,0.06293266205160479
HAPPY HOMING,0.03185174460692052
LITTLE RAINFOREST,0.033003300330033
HAPPY CENTENARY,0.0249843847595253
LET'S GOAL,0.048107761385503524
TOP ACT,0.0484148055598938
ONE OF A KIND,0.023008095440988495
PEPPERMINT,0.08
FIONN'S PRIDE,0.10101010101010101
MY CUP OVERFLOWS,0.03585905830994699
WINNING NOVEL,0.036036036036036036
GOLD TARTINI,0.05236907730673316
FLYING IN,0.060137457044673534
SMART GUY,0.04035795753640989
FORTUNE BRAVO,0.04615384615384615
QUALITY KING,0.025
YUAN'S FORTUNE,0.07692307692307693
GRAND CHAMPION,0.06589785831960461
YOUNG TALENT,0.08274231678486998
OWNERS' PRIDE,0.048476454293628804
FORTUNE TERRITORY,0.018141337511338337
ENCHANTING DIAMOND,0.054278416347381855
PENNY LANE,0.033760972316002696
FOREVER FUN,0.04073780694805929
UNIQUE JOYOUS,0.029645130351381985
YOU KNOW I WIN,0.030659172202350538
AMAZING ALWAYS,0.03252981900075069
STAR MAJESTIC,0.06737665724842426
MAGICAL BEAM,0.024038461538461533
RAZOR QUEST,0.03064215294431122
BE THERE AHEAD,0.02349256068911511
SEA SMOKE,0.0160857908847185
SEMPITERNAL,0.029825817227392033
HORSE APLENTY,0.03876908165737824
INVICTUS,0.154320987654321
KITAYA,0.028556593977154727
SUPREME ESSENCE,0.06616674018526687
AXIOM,0.030331003560596075
WEALTHY FORTUNE,0.03615098351940457
CRAZY BUDDIES,0.0390625
SKY MAN,0.07952286282306165
TANGO FIRE,0.042689434364994665
SUPER ABUNDANTE,0.059249506254114556
REGENCY HO HO,0.12300123001230011
REAL TREAT,0.016129032258064516
CARTOON FAY FAY,0.051696284329563816
FARM PERFECT,0.011627906976744186
ALL THE BEST,0.044736057262153295
FORGIVE AND FORGET,0.03201970443349754
ETON BLITZ,0.05434782608695651
CLUB LIFE,0.06690561529271206
KEEN TACTICS,0.02349740291862478
BULLISH SMART,0.05847029077117572
PERI PERI SAFFRON,0.03508771929824561
REGENCY BABY,0.028097062579821197
XI YING MEN,0.08968609865470852
TRIUMPHANT JEWEL,0.03232441962973846
DRAGON ENERGY,0.03141690229343387
KHAYA,0.045651677699155443
PACKING LLAREGYB,0.047954866008462625
FLAME HERO,0.03024411319939512
APPROVE,0.025848698948819582
WILLIE INVICTUS,0.10638297872340427
TRAVEL BROTHER,0.02439565313816811
CHATER DREAM,0.031101653298412184
PO CHING TREASURE,0.040877367896311065
TRAVEL BRAND,0.01084010840108401
D'OR WONGCHOY,0.0273224043715847
WRATH OF FIRE,0.04987531172069825
REDWOOD BABY,0.05528846153846154
LUCKY OMENS,0.024418270611893136
LEVEL PLAYER,0.02358490566037736
EVERYONE'S CHOICE,0.04788673745575682
CHAMPION RANGER,0.08237232289950576
HOLLYWOOD KISS,0.18867924528301885
OPTIMIZATION STAR,0.0776287932251235
BORNFREE,0.07506527415143602
TELECOM TOP STAR,0.01271186440677966
HOW SPEEDY,0.03117962930885155
JADE PIPPO,0.05269320843091336
CIRCUIT FORTUNE,0.0210713097482533
MR VANILLA,0.056566650270536166
COSTA DEL SOL,0.025539160045402954
ELITE SPIRIT,0.03278688524590164
SUPER KING STAR,0.03306999816277787
ZACHARY,0.05409904286308781
LUCKY COOKIE,0.015789473684210527
LUCKY PIONEER,0.010514018691588784
SUPER JOCKEY,0.030264817150063055
AMBER SKY,0.034309844286091316
STERLING CITY,0.03305785123966942
GO BABY GO,0.02143553101656382
RAD,0.0807899461400359
DA VINCI,0.07591733445803459
GOLDEN DEER,0.03185051491665782
BERLINI,0.04237288135593221
KING'S STEED,0.0298814081613596
LUCKY HAMMER,0.03475471193690683
PHOTON WILLIE,0.03574407244132015
TRUE COMMENT,0.028547748411455933
PLEASANT KNIGHT,0.01056338028169014
BRILLIANT SHINE,0.025363544132566793
BORN TO WIN,0.05774541802661311
JUN HUO,0.054367524465386015
SELKIRK STAR,0.07689021785561727
CONFUCIUS SPIRIT,0.03214400514304082
GALAXY PRANCER,0.03685027152831653
SHINY DAY,0.013157894736842105
FOODIE,0.023932033026205574
TRAVEL MASTER,0.027404085700049825
SHIFACHI TRADITION,0.03278688524590164
KING OF SMARTS,0.026854649211144676
BEAUTY ONLY,0.17135862913096694
AMBER DRAGON,0.027735404243516854
BEST SHOW,0.01916675073136286
CIRCUIT STAR,0.02652871733651678
MALAYAN PEARL,0.02612286171736749
KING'S FOLKS,0.04056795131845842
HAPPY KAISER,0.08323424494649227
TELEPHATIA,0.04882812500000001
GALLANT TRIUMPH,0.025684931506849317
DIVINE DIYA,0.026359143327841845
GREAT CHARM,0.05003573981415297
JAEGER BOMB,0.027873070325900515
EASTERN PROMISE,0.045454545454545456
HECO RIDER,0.03508771929824561
LOVELY NAUGHTY,0.06292134831460675
SOUTHCHINA COMMAND,0.04082188052796298
STARTLING POWER,0.033707865168539325
MONTE CASTELLO,0.10434782608695652
BEAR-POP,0.058985450255603616
ACTIVISM,0.125
HEI HEI POSH,0.025974025974025976
OCEAN POWER,0.04286326618088298
SUPER STRIKE,0.03368083400160385
CELESTIAL SMILE,0.12476007677543187
HOUSE OF LUCK,0.04418262150220913
GOLD-FUN,0.22012578616352202
DESIGNS ON ROME,0.06341885269530124
REWARDING HERO,0.034675913576953855
FLAGSHIP SHINE,0.023333333333333334
SECRET SHAM,0.01847709812311582
CALIFORNIA MEMORY,0.030612244897959186
BLAZING SPEED,0.05875440658049352
DOMINANT,0.023640661938534282
BERLINSKI,0.05714285714285714
OUR FOLKS,0.03481447549244159
IMPERIAL CHAMPION,0.05022321428571429
DR GOOD HABIT,0.028094820017559263
TRAVEL SUPER,0.014925373134328358
SECRET COMMAND,0.06998654104979812
NUMERO UNO,0.060496067755595885
ADDOLE,0.05454996280684354
NEW STAMINA,0.13793103448275862
TWIN DELIGHT,0.04359333644714308
SNOWHOOVES,0.027019959905865948
NO MONEY NO TALK,0.03136947358102147
RISING POWER,0.03963830050786572
LUCKY BOLE,0.05739514348785872
HELLA HEDGE,0.028539863745166635
UNBEATABLE GUTS,0.053608247422680416
FRIENDS OF YAN OI,0.07215007215007214
FAMILY INTERESTS,0.06289308176100629
ELITE PRIDE,0.03888299752562743
SEA WARRIOR,0.02847228401103301
JOYFUL MISSION,0.01513431706394249
EXECUTIVE MANDATE,0.08168028004667444
TODOS CON SUERTE,0.023529411764705882
SUPREME FRESH,0.10989010989010987
TRIUMPHANT DRAGON,0.031147796293412237
KING HARADASUN,0.11453744493392069
KING OF PATCH,0.0390625
VERY WELL,0.03861003861003861
REALLY THE BEST,0.020477815699658702
GOLDEN CHOICE,0.017023691303731027
JOYEUX,0.14492753623188406
HELLO KIMBERLEY,0.016915703411333523
SCIMITAR,0.027063599458728015
GERONIMO MEADOW,0.03456858407079646
AFFLUENCE OF RAIN,0.02227525855210819
GAOLING LUCKY STAR,0.2127659574468085
DOMINEER,0.02863399023075627
TURIN PEARL,0.05301022340022718
SILLY BUDDIES,0.023514765889757244
HAPPY JOURNEY,0.03909643788010426
TABLEAUX,0.0631768953068592
FABULOUS NOVEMBER,0.017768850432632877
HAPPY YEAH YEAH,0.025985663082437275
NAMJONG TURBO,0.13440860215053763
FLUKE,0.014492753623188406
DIVINE CALLING,0.1601164483260553
ENTHUSIASM,0.031813361611876985
HAPPY ERA,0.026881720430107524
SANTA FE SUN,0.03530689842476915
ALL YOU WISH,0.047033285094066575
APOLLO'S CHOICE,0.043585645793985175
IT HAS TO BE YOU,0.010101010101010102
GLAMOROUS RYDER,0.06091846298031866
KING TAI SING,0.06818181818181819
SOLAR DRAGON,0.061387354205033766
GOOD SMILE,0.02958579881656805
JETSO DELIGHT,0.07462686567164178
KYNAM,0.0665680473372781
MIGHTY WONGCHOY,0.037904893177119224
RIBOT LEGACY,0.046756282875511396
JUST ACE,0.011747430249632892
GLORY OF LONGWAH,0.012135922330097087
STAR TRACK,0.39473684210526316
THUNDER FLYER,0.17857142857142855
AH BO,0.05393743257820928
SUPER TALENT,0.09583707696915243
DASHING FORTUNE,0.03714020427112349
FOREVER ACCURATE,0.037107972228872396
HAPPY MOMENTS,0.0451157316594743
DINING STAR,0.017614494212380476
JACK'S GEM,0.0251130085384229
GIGGLES FOREVER,0.04318806438947782
CHINA DELIGHT,0.0421379463295631
HEY CHEERS,0.0502828409805154
SUNNY PEARL,0.06634232640424591
CHARTER VICTORIA,0.08317338451695457
CANNY FRANCO,0.01523545706371191
STAG KNIGHT,0.15325670498084293
LOVELY DELOVELY,0.021083360363282518
LUCKY FOLLOW ME,0.011518324607329844
FANTASTICO,0.032059186189889025
FUN 'N' GAMES,0.03867640739149119
MEDIC MASTER,0.013017751479289942
ENTRUSTING,0.031246094238220223
KINGSTON JUMBO,0.03507476462986893
TANG PALACE,0.18433179723502305
STAR OF WAI BO,0.04393673110720562
GRASSLAND DRAGON,0.021334367726920093
FAIR WIND,0.02744739249771272
NEW PET,0.035317860746720484
PABLOSKY,0.05763688760806916
DOUBLE GLORY,0.032432432432432434
LONGWAH SUPREME,0.016129032258064516
MR GENUINE,0.03581020590868398
GUN PIT,0.023438577140493588
MAJESTIC ANTHEM,0.03287220928639912
EAGLE POWER,0.01699660067986403
FANTASTIC KAKA,0.03765627353517097
GOLDEN OSMANTHUS,0.016346032943543316
KHARU,0.031175059952038366
ROMANTIC TOUCH,0.05583992554676596
YAT DING WIN,0.044345898004434586
JOLLY POSH,0.07563694267515923
FABIO,0.0605245460659045
CHANS DELIGHT,0.03838771593090211
NATURAL TEAM,0.03126149319602795
OWNERS' GLORY,0.03066439522998296
ELEGANCE KLAMMER,0.04788985333732415
PANTHER RUN,0.019417475728155338
HONG KONG DANCER,0.04818503051718599
BRAVENESS,0.25641025641025644
COUR VALANT,0.03538480980664729
POPPING CANDY,0.04708798017348204
BOTH SURE,0.03560528992878942
GROOVY,0.01486988847583643
GRAN BOLIVAR,0.014826642335766423
DALWARI,0.04638833664678595
RIDE WITH THE WIND,0.0273224043715847
GRIFFINDOR,0.07560815253122946
CHEERS JOY,0.028865979381443297
WILLIE CAZALS,0.11848341232227487
NOBLE DELUXE,0.03787878787878788
BULLISH BOY,0.018741633199464525
LUCKY FOREVER,0.0141643059490085
SUNNY YING,0.029475338966398118
DANEWIN WINNING,0.046511627906976744
GRACYTOM,0.03765060240963855
GOLD FORTUNE,0.03588516746411484
AMBITIOUS GLORY,0.08517887563884156
GOLDEN BAUHINIA,0.04981320049813201
MANIPULATION,0.041666666666666664
OUR HONOUR,0.03395585738539898
JUMBO SPIRIT,0.04641909814323607
ALL PALS,0.013568521031207597
LOVING STAR,0.06879299562226392
GREAT SPEED,0.03394014193150262
GOOD FRIENDS MAGIC,0.016093341380004022
SUGAR CITY,0.047089041095890405
SKY FAR,0.1075268817204301
HOLMES LEGEND,0.04741379310344828
FIRST SIGHT LOVE,0.07334963325183372
AMAZINGLY,0.0310336595846264
MONSIEUR MOGOK,0.06334581053843939
MEDALLIST,0.037783375314861464
CHOICE TREASURE,0.03420398009950249
GRIMMY,0.044469149527515295
WINDICATOR STAR,0.026660203587009212
HEROIC GURU,0.04251968503937008
GRACE HEART,0.056818181818181816
BRILLANTE,0.037162162162162164
GOLD DRAGON,0.10185522008002908
MASTER VIKING,0.0717327953373683
LUCKY PROFIT,0.032679738562091505
WONDERFUL FIGHTER,0.07092198581560283
DIAMOND MYSTERIOUS,0.06527415143603132
LINE SEEKER,0.13139695712309823
WINNING EXPRESSO,0.017828200972447326
FOTOGENIC,0.03124486104259168
HAPPY FRIENDSHIP,0.02284619352936841
GORGEOUS GAINS,0.015873015873015872
STRATHEARN,0.02899150962932284
BOY OH BOY,0.015503875968992248
SHORT SQUEEZE,0.04038073262186328
MODERN TSAR,0.02284263959390863
BRIGHT STRIKE,0.0181653042688465
ENSURING,0.06533435818601077
HE WAS ME,0.010101010101010102
LET ME GO,0.07006369426751592
BEAUTY LEAD,0.0444560669456067
ASHKIYR,0.05135554759345515
PACKING PINS,0.12025316455696203
DASHING FELLOW,0.05531344284277574
WHY WHY,0.04468085106382979
YOUNG BULLET,0.010101010101010102
UP AND COMING,0.07190106413574922
INCREDIBLE ACT,0.015590200445434299
LOYAL CRAFTSMAN,0.030839520274129072
BEST HOPE,0.03520506953001232
DO YOU GET IT,0.0819672131147541
WAYFOONG EXPRESS,0.020622100017185084
TAKE TO THE LIMIT,0.035818951481602086
TOM'S CHARM,0.09696969696969697
ASCENSION,0.2061855670103093
FIRE STARTER,0.12638230647709323
ON THE WAY,0.02775208140610546
LANG TAI SING,0.04741904890936187
HIGH AND MIGHTY,0.03623735467310886
HARD BALL GET,0.05773672055427253
STRATHMORE,0.043568857738208
TOO FAST,0.04034969737726967
HAPPY BAO BEI,0.027422303473491772
MULTIEXPRESS,0.024559967253376995
HEART WOOD,0.04851752021563342
FRESH AND FRESH,0.030867270735835905
AEROVELOCITY,0.17054263565891473
ABLE FRIEND,0.32863849765258213
FREDERICK ENGELS,0.02482313516197096
MILITARY ATTACK,0.05749668288367979
AMBITIOUS DRAGON,0.0686106346483705
ENDOWING,0.02868852459016394
RAINBOW CHIC,0.015913430935709738
PACKING WHIZ,0.021739130434782608
DIBAYANI,0.058823529411764705
NO TIES,0.05213764337851929
WINE LOVERS,0.051194539249146756
SKY FIRE,0.010309278350515464
NAMJONG BLOSSOMS,0.05813953488372093
RUGBY DIAMOND,0.04964953271028037
GREAT TOPLIGHT,0.051159072741806554
BOLD STITCH,0.056400196174595386
EROICO,0.13542107490478206
POWER COOL,0.044117647058823525
FANTASTICLIFE,0.03576413119330077
SMART UNION,0.08259002312520648
HEALTH WISE,0.028829521429944268
METALLIC STAR,0.040366572114335586
STEP FASTER,0.03439052350019106
BO DUKE,0.018522193556922674
FIVE UP HIGH,0.03533568904593639
VICTORIUS,0.02148612354521039
SUMARAND DRAGON,0.03076923076923077
MR GINGER,0.03647819598739844
RAINBOW FIGHTER,0.01723230099085731
THE SYLPH,0.04521379666709727
WINNAM,0.05807923667288943
LIGHTNING AND GOLD,0.028588183550799003
SERGEANT TITANIUM,0.04792551006435712
SIGHT SEEING,0.0361687876758205
GIDEON,0.04522613065326633
BULL MARCHE,0.05
KING BROTHER,0.010101010101010102
LOADS OF JOY,0.0380952380952381
VICTOR EMPEROR,0.03617691679309138
ZERO ENERGY ACT,0.022634676324128564
GOOD FIT,0.04577407225764264
LUCKY CELEBRITY,0.08771929824561403
SUGAR,0.055193176116407415
SMART DECLARATION,0.03358305347455437
DOUBLE POINT,0.023567535719546322
ART OF SUCCESS,0.04817618719889884
PAKISTAN BABY,0.03630587701384162
ENJOY THE FUN,0.06375227686703097
COPY STAR,0.02487562189054726
SHINING CHAMPION,0.04566210045662101
PRESIDENTPARAMOUNT,0.07323232323232323
O'SOCOOLE,0.07529089664613278
UNICORN,0.07832898172323757
BEST FIGHTER,0.013422818791946308
PLANET CHOICE,0.07513148009015776
DIAMOND MASTER,0.08683068017366134
BEAR RAPPER,0.055386319579063974
SOLAR KINGDOM,0.06653992395437261
GOOD METHOD,0.044941230698317576
SHADOWFAXE,0.12006861063464837
SUM WIN DRAGON,0.03533069530808366
ELECTRONIC PHOENIX,0.07139079851930194
MY SURPLUS,0.0125
TRAVEL RENYI,0.05620082427875608
FINE ROCK,0.05744255744255744
LET ME DO,0.05099562894609033
HAPPY PLACE,0.040965618141916606
GOODHEART SUCCESS,0.031240702171972622
ISHVARA,0.045952633439377874
HAPPY SUMMER,0.023303233323623652
LUCKY BONUS,0.012578616352201259
SUPREME WINE,0.012345679012345678
WIRE TO WIRE,0.013765182186234818
SEA RUBY,0.1704545454545455
VERY NICE,0.010948905109489052
A FAST ONE,0.027397260273972608
EXPECTATOR,0.02174898051653829
BETTER ANNOUNCE,0.02638909250842985
CLASSIC JEWELLERY,0.025041736227045076
GLORY SUNSHINE,0.03559206023271731
WONDER CHOICE,0.014184397163120567
ADEPTO,0.05263157894736842
WINNING TALENT,0.02530577815267819
CHOICE EXCHEQUER,0.029544521953221173
YOUNG RANGER,0.02584682356142021
KERKENI,0.032932416953035504
SOLAR BOY,0.04026845637583893
TIMELY ARRIVED,0.09224461906388795
SUPER SILKS,0.05490570541895441
THOR THE GREATEST,0.09282970550576185
ISLAND GARDEN,0.05602240896358544
BRILLIANT MONKEYS,0.025131368517249262
GO-GETTER,0.030796741506060005
MOTIF,0.06495849873691807
FOLLOW THE WIND,0.02487562189054726
EASTERN DRAGON,0.017543859649122806
FUN KINGDOM,0.014492753623188406
SPEEDY WALLY,0.027919962773382965
LAUDABLE VIRTUE,0.010235414534288638
LUCKY DOUBLE EIGHT,0.044018236126395216
LUGER,0.2027027027027027
DINING WORLD,0.08021390374331551
TELECOM BOSS,0.014935280451377363
MR AWARD,0.04746835443037975
HEARTILY TALK,0.014285714285714285
RED ADVENTURE,0.07211538461538461
SECRET IDENTITY,0.01818181818181818
PERFECT HEDGE,0.017543859649122806
JOLLY GOOD STAR,0.06126914660831509
EVERYONE'S FORTUNE,0.0136986301369863
LEOWL,0.031453605931251405
VICTORY HEART,0.034465780403742
GOT FLY,0.16551724137931034
RED PEONY,0.015406924052927316
SKY HERO,0.04026170105686966
PROPEL REPEL,0.014423076923076924
HEY PRANCER,0.010101010101010102
SURE PEACE,0.05132591958939265
SILVER MISSION,0.012594458438287152
FRUITFUL CHAMPION,0.08629989212513485
RADIANT BUNNY,0.08106543138390272
HEALTHY JOYFUL,0.060474117077890674
CASH COURIER,0.02863922755911955
BAAB AL NASR,0.017412935323383085
CONTENTMENT,0.144702842377261
PRINCE OF SUNSHINE,0.02948765204570586
LUCKY NINE,0.05108556832694764
SPALATO,0.05420054200542006
HANA'S GOAL,0.014925373134328358
NAVEL ORANGE,0.10956175298804781
BRILLIANT PROPOSAL,0.07782101167315175
HOLY STAR,0.025080256821829856
EVER SHINY,0.0297358754591569
JET SET DRAGON,0.02293577981651376
WINNER ST PAUL'S,0.07203962179198559
NEW DEERFIELD,0.037037037037037035
BESPOKE COLLARS,0.0774526678141136
ELECTRONIC FORTUNE,0.015590200445434299
GO SANDY GO,0.04253673627223511
KIDS AND WIN,0.08154943934760449
ALL THE WINNERS,0.010416666666666666
PERCY JACKSON,0.03595890410958904
BORN IN CHINA,0.08690614136732329
HAPPY AND HEALTHY,0.030999465526456438
ROUGE ET BLANC,0.05927835051546394
WINNING MASCOT,0.027047913446676973
BOSSIEE,0.0723645609231371
MODERN FORTUNE,0.06856272219400712
COUNTRY MELODY,0.03368832862421213
STAR OF BOND,0.0458392101551481
MIDNITE PROMISE,0.02282925293237818
GOLDEN SCALPEL,0.040526849037487336
ARPINATI,0.24630541871921185
VICTORY MASTER,0.01661129568106312
IDYLLIC WIND,0.0479101272096481
NATURAL EIGHT,0.04103967168262654
YOUNG HAPPY,0.026041666666666668
TOMODACHI,0.044469149527515295
WHO CARES,0.011494252873563218
NATURAL FRIENDSHIP,0.014912280701754385
MASTER PINNACLE,0.01209964412811388
TRENDY WORLD,0.024919013207076998
G-ONE BO BO,0.062421972534332085
BRIGHT STAR,0.0325619258053262
GOLDEN PARTNERS,0.04907190100277363
STAND BY YOU,0.010940919037199124
HAY GO LUCKY,0.025029200734189887
ENDLESS LOVE,0.016666666666666666
FORMULA WON,0.04808581468466803
GOOD YIELD,0.029411764705882353
REAL GENEROUS,0.04942058623040218
COLLATOR,0.022222222222222223
FREE NOVEMBER,0.049189287666241574
BEYOND FANTASY,0.0106951871657754
SKY MATE,0.027777777777777776
SHOOTING STAR,0.02247191011235955
ALBICELESTE,0.048828125
TOUCH GO,0.032352941176470584
FLYING CAPTAIN,0.014356213548676536
FRANCE VALOUR,0.021093338020741783
FIVE STEP,0.010526315789473684
COOL BEAN,0.038872691933916424
WONDERFUL MOMENTS,0.02706027060270603
THUNDER FANTASY,0.06065857885615251
LOTUS BREEZE,0.04041065967671473
TONYBOY,0.03382850419179291
CHATER LEGEND,0.04031655965357623
DASHING CERAMIBO,0.026474127557160047
HARBOUR VICTORY,0.013285024154589374
FLINTSHIRE,0.4347826086956522
CURREN MIROTIC,0.02702702702702703
RED CADEAUX,0.08264462809917356
SNOW SKY,0.2
EMPOLI,0.022222222222222223
PARISH HALL,0.010869565217391304
STRAIGHT GIRL,0.029850746268656716
GORDON LORD BYRON,0.024096385542168676
BUFFERING,0.03636363636363636
SNOW DRAGON,0.016129032258064516
SOLE POWER,0.014492753623188406
LITTLE GERDA,0.02
HELENE HAPPY STAR,0.04711689477226834
JOLLY GENE,0.03043522369889419
GRAND PRIX BOSS,0.014084507042253521
WORLD ACE,0.038461538461538464
GLORIOUS DAYS,0.0625
FIERO,0.03944773175542406
TRADE STORM,0.025
CAPTAIN CAT,0.010101010101010102
CRITERION,0.05607476635514019
CIRRUS DES AIGLES,0.029850746268656716
FARRAAJ,0.10526315789473684
ARCHIMEDES,0.045454545454545456
GIANT TREASURE,0.10976948408342481
ABLE TALENT,0.011443661971830986
DIAMOND FRIENDS,0.034048992717298776
FLYING TOURBILLON,0.026747195858498704
BLIZZARD,0.14577259475218657
MULTIMAX,0.08584635703279772
SUCCESS ROAD,0.16260162601626016
TO-KALON,0.011363636363636364
PERFECT SMART,0.02953337271116361
TRAVEL FIRST,0.04412506303580433
RED DANCER,0.05422314911366006
PLENTY OF SPEED,0.027905978319201455
NEWSWIRE FREE,0.07941760423560558
GREAT PEGASUS,0.024390243902439025
SEASONS KING,0.026320407088962976
HIGH WARRIOR,0.06321839080459771
SYSTEM OVERLOAD,0.02592505302851756
TRENDY WIN,0.03531073446327684
GOOD TREASURE,0.01694915254237288
WONDERFUL GUY,0.010101010101010102
FIGHTING CHAMP,0.12987012987012986
SUPEROI,0.0636604774535809
SIGNPOSTED,0.010101010101010102
SAVVY NATURE,0.06839945280437755
HAPPILY TIME,0.09146341463414635
SEA FURY,0.014471780028943558
MASSIVE MOVE,0.054269175108538355
FABULOUS ONE,0.15776699029126212
LEAN JOURNEY,0.04828118964851294
ACUMEN,0.02518891687657431
CASTLE KNIGHT,0.010101010101010102
DUNURE HARBOUR,0.010101010101010102
FIRST COMMANDER,0.010101010101010102
PARENTAL SPIRIT,0.012108980827447024
DIAMOND KING,0.093870789618995
STRIKE EAGLE,0.01665686850872036
HORSE OF FORTUNE,0.03815628815628815
FLYING MOOCHI,0.04040706375336725
CHEEKY TOO,0.05411255411255411
CALIFORNIA CHERISH,0.025519969376036747
ALWAYS WIN,0.020641254988303288
AMBITIOUS SPEEDY,0.052005943536404156
JOYFUL MOMENTS,0.09174311926605504
ATHENA BABY,0.061951471347444505
ALL MY GAIN,0.034678873630184494
TONES,0.09615384615384615
LUCKY DAN,0.017937219730941704
TEN FLAMES,0.06381039197812215
INNOVATIVE WINNER,0.01993355481727575
ISLAND FLYER,0.037783375314861464
MASTER MIND,0.11400651465798047
ORACLE,0.026741940276333382
NAMJONG SURPRISE,0.020624226591502818
ALL WAYS BEST,0.027985074626865673
SUNSHINE DAY,0.018867924528301886
OUTLAWED,0.030608570399711918
REDKIRK WARRIOR,0.1392757660167131
SIROCCO TOO,0.013157894736842105
AZTEC EMPIRE,0.021021021021021023
PACKING APPLAUSE,0.010471204188481676
SHARP HUNTER,0.04863644259162758
YO-YO DA,0.07447722715554282
GOOD VIEW DELIGHTS,0.022039377020276227
SURREAL,0.014945652173913044
HARMONY STAR,0.010526315789473684
WINSOME SMILE,0.01278772378516624
NEXT JOURNEY,0.010101010101010102
DYNAMISM,0.03785754346606842
SKYROCKETS,0.021739130434782608
APACHE SPIRIT,0.028511530398322854
SAMMY'S EMPIRE,0.010752688172043012
FORTUNE GIGGLES,0.033616976573169456
JETWINGS,0.09278350515463916
STRONG FOUNDATION,0.09749303621169915
MI SAVVY BOY,0.0223463687150838
ASIA RISING,0.02579737335834897
HEARTILY WINS,0.020129250979976695
ALADDIN,0.010101010101010102
MY LEGEND,0.045101478326234026
LAUGHING LORD,0.038624951718810356
CRAIG'S FORTUNE,0.07182761372705507
EXCELLENT FORTUNE,0.01809954751131222
ANDNOWURMINE,0.02608695652173913
GOLDEN ADDICTION,0.07556675062972291
SILVER GATSBY,0.02623688155922039
ONE MORE WORLD,0.18716577540106952
TAKE THE CURRENT,0.010101010101010102
LUCKY PLACE,0.023534949399858795
GORDON GEKKO,0.012048192771084338
GOOD LUCK BOY,0.12110726643598617
FAITHFUL BOY,0.0388861013547416
CHEERFUL FRAME,0.02438786459857575
CODE STAR,0.012987012987012988
FISHKING THUNDER,0.012433392539964476
GONNA RUN,0.026926427496634195
ANTICIPATION,0.03753225428102275
RENAISSANCE ART,0.04515024132025533
THUNDER DASH,0.03474845142770811
FLYING CHAPARRAL,0.03143418467583497
PEACE COMBINATION,0.08721804511278197
TOP BONUS,0.09415584415584419
SING SING SING,0.037418147801683815
DOUBLE MASTER,0.02259136212624585
ROCKET LET WIN,0.025533467080065656
KIRAM,0.021967293141322924
DOYENI,0.057251908396946556
OBLITERATOR,0.0593607305936073
GOLDEN SLEEP,0.023224153119244015
JUST PLEASANT,0.015690376569037656
ROYALE ELEGANCE,0.09286998202516475
KING OF MONGOLIA,0.03698036215251211
LANSBURY,0.04767246214245653
EAGLE REGIMENT,0.017341040462427747
REAL SPECIALIST,0.021205695243865494
OUR GENERATION,0.029137529137529136
NEW SPEED AHEAD,0.010101010101010102
GIDDY GIDDY,0.13230074217489515
GOLDEN CHOPSTICKS,0.03135103360438914
NOBLE DE MAN,0.026702269692923903
ANDOYAS,0.03151591553734636
RAY OF GOLD,0.04786680541103018
NO REGRETS,0.013071895424836602
THUNDERSTROKE,0.022490530303030304
HAPPY METEOR,0.04660536591510266
GOLDEN GLORY,0.02063983488132095
FISH N' CHIPS,0.036688068039689825
GORGEOUS LEGEND,0.02470355731225296
SPEEDY SANDY,0.04145408163265306
INVINCIBLE FRESH,0.02302275189599133
RUBY COAST,0.02513549603330453
RAPID TRIUMPH,0.02271640363462458
PRINCE FALCON,0.02275910364145658
PREMIUM CHAMPION,0.024292112654672435
TWIN TURBO,0.03625377643504532
STAR OF MYCROFT,0.045454545454545456
VICTORY BOYS,0.045547711227510806
SUCCESS AND GOLD,0.01060070671378092
DEHERE'S THE LOVE,0.22364217252396165
RACING MATE,0.049124305852199915
PEACE N PROSPERITY,0.059880239520958084
DAN EXCEL,0.015804597701149427
COLOSSUS,0.0529450694904037
YOUNG WATCHMAN,0.01912045889101338
TOP ACE,0.024705882352941178
CHIN CHUN,0.11307420494699646
LONDON CITY,0.037283190144269736
ROCKET,0.010416666666666666
MASQUERADER,0.03754106053496011
TRACKER,0.037290242386575516
RIGHTEOUS,0.10124610591900311
SECRET WEAPON,0.11005502751375688
RED KYLIN,0.04141195030565964
LUCKY BALL,0.031308703819661866
FAST AND FURIOUS,0.026733202637675993
RISING FAST,0.011682242990654207
IMPERIAL GALLANTRY,0.05641136906053374
HAPPY KITCHEN,0.010101010101010102
CHEVALIER STAR,0.05498821681068341
ROCKET FLY,0.014492753623188406
DYNAMIC VOYAGE,0.03930677148472397
RED COURAGE,0.06150061500615007
HAWTHORNE,0.025089605734767026
ARGENTUM,0.029377953761655386
CHARLIE VICTOR,0.010688836104513063
EXTREMELY FUN,0.07610993657505286
HIGH FIVE,0.04406904149834741
HAYMAKER,0.02845572945167998
GENERAL IRON,0.03411381609551869
KING CREOLE,0.010101010101010102
WONDER MOSSMAN,0.017543859649122806
MASTER OF PUPPETS,0.010101010101010102
LUCKY AND WEALTHY,0.010101010101010102
EASY MONEY,0.010101010101010102
HONG KONG FAT,0.028066236317709794
NEVER BETTER,0.09037191518943342
SENSIBLE CHOICE,0.010101010101010102
FULL GLORY,0.03706871970345024
DILLY,0.03083700440528634
EYE ON YOU,0.13544018058690743
PERPETUAL TREASURE,0.023262056007873316
CALIFORNIA CHARIOT,0.010101010101010102
RUN FORREST,0.07981755986316989
REGENCY DARLING,0.07235890014471778
PENANG HALL,0.061250805931657
TRAVEL NUMBER ONE,0.022651406771578446
CASA MASTER,0.02649006622516556
CONSISTENT,0.026378595653812335
SUPERKING DRAGON,0.033600413543551304
BEAUTY AHEAD,0.04012036108324975
E-SUPER,0.07722007722007722
HAPPY CENTURY,0.02601456815816857
MOLLY'S JADE STAR,0.14059753954305798
BEAUTY KINGDOM,0.08742607354075599
SUPER MAN,0.03841536614645858
GIANT STARS,0.025614754098360656
COSMIC BOOM,0.010101010101010102
YEE CHEONG STAR,0.3278688524590164
FIGHT HERO,0.021433929911049192
LUCKY YEAR,0.05723204994797086
JOLLY JOLLY,0.0779647107098892
AMAZING KIDS,0.13192612137203164
CAREFREE LET GO,0.05058717253839205
THE SHOW,0.032418001525553006
PACKING GO GO,0.018427518427518427
ADMIRAL LORD,0.02
SPICY SURE,0.061408558817885255
DIVINE BOY,0.04317789291882556
LONGWAH SILENT,0.02124269782262347
UNIQUE AWESOME,0.027007120058924625
HAPPY AGILITY,0.0725268349289237
NOT LISTENIN'TOME,0.07950224680262702
HAPPY CHAPPY,0.07194244604316546
HIGHLAND HAMMER,0.1423487544483986
GENERAL OF PATCH,0.1726844583987441
EASTERN EXPRESS,0.1547231270358306
CLASSIC EMPEROR,0.09696458684654302
SUPER DRAGON,0.08450704225352113
BLAZING PASS,0.03904904100149305
LUCKY GIFT,0.011627906976744186
JIMSON THE FAMOUS,0.020931071815229157
ENORMOUS HONOUR,0.05159810806937079
SHAMKIYR,0.04
FRIENDS FOREVER,0.03930376193149916
PROMPT EXPRESS,0.06030701754385965
TING KA PALACE,0.010101010101010102
QUATERNION EAGLE,0.021052631578947368
GLORIOUS LAD,0.038314176245210725
LIGHTNING PEGASUS,0.04764930114358323
FAST MARVEL,0.014367816091954025
TRAVEL COMFORTS,0.0261240203492369
ANIMATION MASTER,0.013849045405084578
ATOMIC BLAST,0.06738939349545853
SILVER BAUHINIA,0.010273972602739727
LUCKY BUBBLES,0.29929577464788737
WINNIE'S HORSE,0.027039206849932402
WONDERFUL COUPLES,0.013623978201634876
ELITE BLUE,0.010101010101010102
THORS BOLT,0.08364312267657993
STAPHANOS,0.057692307692307696
SMOKING SUN,0.01098901098901099
EXCEEDINGLY EXCEL,0.011428571428571429
ALL IS WELL,0.01015228426395939
SOLAR KID,0.011844331641285956
FINE WITH ME,0.03870611003594139
TRIUMPHANT LIGHT,0.04682153790743742
BAYONET,0.17391304347826086
SOLAR HEI HEI,0.11545293072824157
DISTINCT COMMANDER,0.03442340791738382
OCTAL LUCK,0.030211480362537763
SKY FULL OF STARS,0.01664145234493192
THEWIZARDOFOZ,0.17521902377972468
LOOKS LIKE THE CAT,0.03500368459837877
PEARL WARM WARM,0.05368573198430725
HAR HAR CHARMING,0.010393466963622866
HAPPY SURVEYS,0.04366812227074236
NATURAL SENSE,0.010101010101010102
JOY LUCK WIN,0.09057971014492752
KING BOUNTIFUL,0.037345590347601265
SECRET CODE,0.02702702702702703
ACCEPTED,0.09927797833935016
BUDDY BUNDY,0.03175163168107249
ROYAL SPIRIT,0.012435991221653257
MR RIGHT,0.04165039698034621
REUNITED,0.012725344644750796
MY HAY,0.02857142857142857
WIN AND M,0.010723860589812333
ENERGETIC CLASS,0.04272489912176597
SUN JEWELLERY,0.07125044531528323
CIRCUIT LAND,0.0817527795945062
HURRICANE KID,0.030354131534569985
NEW ASIA SUNRISE,0.10741138560687433
CIRCUIT KING,0.1361256544502618
PEOPLE'S KNIGHT,0.08796622097114706
GOOD FOR YOU,0.04029133736246707
DRAGON HARMONY,0.054119061936259774
LE PEGASE,0.01747912215964265
VICTORY MAGIC,0.06600660066006601
TRIBAL GLORY,0.015774647887323943
COUP D'ETAT,0.06915629322268327
THIS IS GLADIATOR,0.023762929829466036
FLAGSHIP FLY,0.011111111111111112
HARBOUR ALERT,0.1257517769272827
CHATER ROCK,0.08234217749313816
SPARKLING TALENT,0.03251445086705202
SMART DELIGHT,0.034013605442176874
SHANGHAI BOND,0.011217948717948718
EVERYDAY LETTUCE,0.012035010940919038
VICTORY DUKE,0.045624222314392365
PLANET GIANT,0.035516969218626675
FAIRY EAGLE,0.018828845791752966
LIUZHOU WARRIOR,0.015545192094159447
SGT ROCK,0.010101010101010102
THE PALADIN,0.014044943820224719
BOTH LUCKY,0.044279135671271695
LOTUS STRIKES BACK,0.05937067088858104
PERFECT TIMING,0.02116252821670429
BANGALORE,0.013513513513513514
CITRON SPIRIT,0.027238060650081712
WHO'STHEDUDE,0.05371783997738198
TRIPLE KING,0.010711553175210406
ALWAYS WONGCHOY,0.025993883792048932
TIANHUANG,0.11600928074245938
HANG'S DECISION,0.059737156511350066
FANTASTIC FEELING,0.07876712328767124
SO FAST,0.05680351148980119
LITTLE FANTASY,0.020887728459530026
SHOWING CHARACTER,0.031246383520425882
SUN PINS,0.15748031496062992
STRATUM POWER,0.0106951871657754
GOAL FOR GOLD,0.035349072086857725
MAGICAL BEAUTY,0.0851063829787234
NOBLE BUDDIES,0.04605465151980351
PACKING DRAGON,0.08894044856921889
RAGING BULL,0.07348938486663037
MIDNIGHT RATTLER,0.08904374758033297
TEN SPEED,0.01583710407239819
DANEHILL SILENCE,0.010714285714285714
FOREVER RED,0.06487488415199258
DIEGO KOSTA,0.14621741894469167
LEADING HORSE,0.08634222919937205
CLEVER SPIRIT,0.05247691015952981
WAH MAY FRIEND,0.043023970497848806
LONDON MASTER,0.06899195093905712
FUNNY FORTUNE,0.033866995073891626
MARVEL HERO,0.06418092909535451
JUST WONDERFUL,0.012422360248447204
LUCKY GIRL,0.04970628106642567
WINNING TIME,0.010101010101010102
AUSPICIOUS START,0.013333333333333334
YOURTHEWONFORME,0.056308287876121785
MAGIC STAR,0.03389112476170303
GOOD LUCK MAN,0.05559416261292564
BLOCKER DEE,0.08532423208191126
NORTHERN FALLS,0.04984423676012461
NITRO EXPRESS,0.046545810877021074
DUTCH WINDMILL,0.01939655172413793
SUPER FLUKE,0.048859934853420196
I'M THE WON FOR U,0.028970239662891747
WINGOLD,0.02882437718756434
TEAM FORTUNE,0.07572570466975179
FLORAL SPUR,0.02053388090349076
ALLCASH,0.029491565412292083
MASSIVE MILLENNIUM,0.018915510718789406
INVENTOR,0.025796321220278154
WINASWEWISH,0.04458926427713942
STINGER,0.014705882352941176
KING WINSA,0.022298201278430206
BORN TO RACE,0.059934072520227755
HAPPY CONTENDER,0.03144654088050314
FUNNY BUDDIES,0.029899835550904464
ROUNDABOUT,0.050505050505050504
CHARITY PLENTY,0.010435850214855739
MASSIVE POWER,0.04634506003791868
PACKING SPECIAL,0.041666666666666664
GLORIOUS SUN,0.011597938144329896
ENTITLING,0.010683760683760684
PURE MOMENTUM,0.016917293233082706
SICHUAN DAR,0.056621579112928595
GIANT TURTLE,0.02117387990175321
HO HO FEEL,0.05529225908372829
FILL POWER,0.010101010101010102
LUCKY EVER,0.037126010045861545
NOBLE DE BOY,0.020137784843667197
DR RACE,0.02603488674824265
HASTA LA VISTA,0.048295454545454544
SAN NICASIO,0.0235143223599829
EMPEROR VICTORY,0.022037463688270063
VIVACIOUS WINNER,0.020390641768619874
GARLIC YEAH,0.024209167204648167
SMART GAIN,0.010970464135021096
DEJA VU,0.02835332606324973
I'M A WITNESS,0.0705697856769472
MASTER STEED,0.04884004884004885
SMILING ALL,0.01639344262295082
LETSGOFREE,0.017974065990499423
SUPER GIFTED,0.010624169986719787
TRAVEL AMBASSADOR,0.02382678959908837
YOUNG DREAMER,0.015781922525107604
LUCKY ALLOY,0.010135135135135134
MR KOOL,0.059678256357031646
TURF SPRINT,0.033486814566764334
MASTER COMMANDER,0.02873563218390805
HASTILY FEET,0.05896958410924892
THUNDER WINNER,0.011428571428571429
COURAGEOUS BROTHER,0.027510316368638238
BACK IN BLACK,0.05888951205832866
DANCING FLAMES,0.2518891687657431
ACE KING,0.03478810879190386
MY FOLKS,0.020468734008801556
SOCKET KING,0.030165912518853696
ADVENTURER,0.03257328990228013
TREASURE AND GOLD,0.032719836400818
HAPPILABABY,0.03308375413546927
G-ONE LOVER,0.05606728073688426
MYTHICAL EMPEROR,0.04446914952751529
GLOBE TROTTER,0.027855153203342625
RED MARVEL,0.06959443244540435
BORNTOACHIEVE,0.030395136778115502
STAR FAY FAY,0.010101010101010102
MCQUEEN,0.02493454681461164
HAPPY SPIRIT,0.08314087759815242
GLORY STAR,0.028315243039169418
DRAGON GENERAL,0.04346182917611489
SUPER SWEET ORANGE,0.03281963470319635
CHEERFUL BOY,0.03468937243771681
INVISIBLE,0.020359449592811007
ACCLAIMED LIGHT,0.0460717749757517
BULB MASTER,0.0617283950617284
DASHING KING,0.03660768761439903
AMAZING MOMENT,0.02662793512466715
CHIU CHOW KID,0.017963244438303164
HEAVENLY MASTERS,0.04366812227074236
RESPECT,0.07306542676851545
RACINGFORPLEASURE,0.013487475915221581
HECARIM,0.016483516483516484
SPEEDY BRAVE,0.010101010101010102
HAPPY COOPERATION,0.1430274135876043
RIGHT CALL,0.07453013609850938
LOVE CHUNGHWA,0.03409644422795908
BEAUTY PRINCE,0.09798865394533264
SWEET HOME,0.03670242800677583
BEST SUPREME,0.0625
KINGSFIELD,0.06568144499178981
PEARL FURU,0.023802131843112907
HONEST HORSE,0.052656773575873624
WHO ELSE BUT YOU,0.1829268292682927
LION ROCK,0.18518518518518517
STRATEGIC ARMY,0.016129032258064516
POLYMER LUCK,0.03447532859297565
EASY HEDGE,0.06761107533805537
DIAMOND DRAGON,0.04522732682694596
AEROSPEED,0.05123428039124359
RAINBOW GOLD,0.01279527559055118
WINSTON'S LAD,0.08336807002917881
HARBOUR NOVA,0.04056795131845842
A BEAUTIFUL,0.023440684875662456
HARRIER JET,0.04890604890604891
RHODE ASSASSIN,0.011480232474707612
GLENEALY PRIZE,0.0878099173553719
INVENTION MASTER,0.024559967253376995
CORAL LUCKY STAR,0.01639344262295082
FORMULA GALORE,0.11194029850746269
MISSION POSSIBLE,0.11850501367365542
HERO LOOK,0.03586065573770492
RICKFIELD,0.01925545571245186
AMAZING FEELING,0.17316017316017315
RICCO RICCO,0.02007024586051179
KING'S DAGGER,0.02976190476190476
BETA HEDGE,0.010101010101010102
HAMMER KING,0.04954367666232073
BORN DRAGON,0.08288928359976316
PINZALOT,0.05
EXCELLENCE,0.024897163888287513
REWARDING FLYER,0.03926130580194852
ELITE EXPRESS,0.010101010101010102
STORM KID,0.011824324324324325
AVELLINO,0.022097227802330255
BEST EFFORT,0.019801980198019802
SALSA BROTHERS,0.027383619616629325
BEAUTY LOVE,0.09783071033602721
THE RAINBOW,0.0192
CRIMSON GLORY,0.010101010101010102
LUCKY GUY,0.07860984691766652
FOREVER POSH,0.03428571428571429
SUPER LEADER,0.03953488372093023
FORZA AVANTI,0.026289180990899903
RAPPER DRAGON,0.12871287128712872
ALL TOGETHER,0.018579686209744012
LITTLE ISLAND,0.025101601721252687
MAGNETISM,0.06001714775650186
FRIENDS OF KA YING,0.049115913555992145
HONG KONG CAPTAIN,0.01076320939334638
MASTER CERAMIBO,0.012019230769230768
ALMABABY,0.022764638927532565
LAND GRANT,0.038848263254113356
SPEEDY ACHIEVER,0.038929440389294405
HIGHLAND REEL,0.2608695652173913
DARIYAN,0.1
MING DYNASTY,0.045454545454545456
PREFERMENT,0.045454545454545456
CANNOCK CHASE,0.04
MONGOLIAN SATURDAY,0.03225806451612903
MIKKI ISLE,0.034482758620689655
GREEN MASK,0.010101010101010102
SAKURA GOSPEL,0.016666666666666666
RICH TAPESTRY,0.010101010101010102
WERTHER,0.19748653500897667
MAURICE,0.379746835443038
ESOTERIQUE,0.029411764705882353
DANON PLATINA,0.022727272727272728
TOORMORE,0.010101010101010102
MONDIALISTE,0.010101010101010102
RED DUBAWI,0.010101010101010102
A SHIN HIKARI,0.04291845493562232
NUOVO RECORD,0.0967741935483871
LUCIA VALENTINA,0.023809523809523808
SATONO ALADDIN,0.0196078431372549
FREE PORT LUX,0.010101010101010102
FREE EAGLE,0.19607843137254904
FLYING MACHINE,0.016964836520666257
OTOUTO,0.0192
FLYING FORCE,0.03583515827194904
RUMINARE,0.11591148577449947
STARRY STARLIES,0.022899015342340283
TEAM SWEET,0.08604206500956024
PROFIT KEEPER,0.010101010101010102
WILLIE WAY,0.046145494028230184
CALIFORNIA DISEGNO,0.029898804047838085
CONSORT,0.06299212598425197
GENERAL SHERMAN,0.04755728491137052
HIGH VOLATILITY,0.028571428571428577
IRON BOY,0.03146538807311957
ABLE DEED,0.07555315704263357
GOLDEN CANNON,0.022087244616234125
DESMIOS,0.045829514207149404
SPICY DOUBLE,0.0251889168765743
MALMSTEEN,0.07328990228013031
HOT HOT PEPPER,0.1393188854489164
GREAT EAGLE,0.05
SOLAR GAGA,0.045620437956204386
CALIFORNIA JOY,0.03833049403747871
RICHCITY FORTUNE,0.06373776462554064
STRIKING STAR,0.01455604075691412
GREAT TREASURE,0.02213678201095188
MEGATRON,0.02165605095541401
LUCOBLU,0.013100436681222708
SHOW MISSION,0.02274105518496058
WORLD RECORD,0.052098408104196824
BASIC TRILOGY,0.040329356410687286
GORGEOUS KING,0.0183206106870229
GREEN DISPATCH,0.03603013429413692
GOOD MAN,0.29268292682926833
XINJIANG YARN,0.040091638029782356
BEAUTY MASTER,0.08163265306122448
JADE FORTUNE,0.028419182948490232
SOCCER BRAVE,0.016995241332426917
WINNING STAR,0.010101010101010102
MERION,0.06487889273356401
SIMPLY INVINCIBLE,0.06393380970289582
FLYING MONKEY,0.09208103130755063
SPRING WIN,0.054054054054054064
MAJOR CONNECTION,0.012162162162162161
SUPERIOR BOY,0.15767634854771787
C P POWER,0.09664948453608248
BISHOP'S LEAP,0.017857142857142856
IMPERIAL SEAL,0.04962779156327543
JOLLY BANNER,0.13723696248856357
FIVE STARS AGENT,0.0391453270265862
GREAT WISDOM,0.01152073732718894
WICKED WINDICATOR,0.010101010101010102
FURIOUS PEGASUS,0.01675041876046901
GIOVANNI CANALETTO,0.04480955937266617
KING GENKI,0.030370843989769823
MR PELE,0.010574018126888218
MOMENTUM LUCKY,0.18270401948842876
FRIENDS OF NANJING,0.07926023778071335
SUPERNATURAL,0.044587565023532325
MANHATTAN STRIKER,0.024507192328183273
CLOUD NINE,0.020053475935828877
BLAZE STAMINA,0.049006964147536754
BREEDERS' STAR,0.03996447602131439
POWER DRAGON,0.020116463737427214
BRAVE KNIGHT,0.013071895424836602
WHITE MAGIC,0.043451272501551834
WINNIE'S HONEY,0.05250875145857643
HELENE PARAGON,0.11726384364820845
THE MONARCH,0.01675977653631285
WAYFOONG VINNIE,0.04701327433628318
MR PICASSO,0.15988372093023256
WILD FIVE,0.11730205278592375
EQUITY DOCTRINE,0.021068155482987468
BONHEUR,0.010752688172043012
THE GREATEST,0.012345679012345678
MR STUNNING,0.46153846153846156
FORTUNE BO BO,0.15401540154015406
MY DARLING,0.055722246035147874
DIAMOND BIT,0.05012531328320801
SUPER SPRINTER,0.05248425472358293
PACKING PEGASUS,0.04335260115606936
POMPADOUR,0.013513513513513514
CHARITY GLORY,0.04881859011911735
RACING SUPERNOVA,0.27079303675048355
MIGHTY MAVERICK,0.05090748118636565
SMART SALUTE,0.021845508563439354
LUCKY FRIENDS,0.013457556935817806
VICTORY FOLLOW ME,0.022266494784952535
GOOD CHOI LEE,0.013054830287206267
DRAGON MASTER,0.05367326400536732
HAPPY SOUND,0.022283392318783585
MINT MASTER,0.020443925233644862
WINNING VIBE,0.09554140127388534
HOME RUN,0.1009421265141319
VOLITATION,0.106981981981982
FANCY MUSIC,0.03066037735849057
CARE FREE PRINCE,0.061876933654176694
AREO,0.015625
SEVEN LUCK,0.018584481957565433
LUCKY SEBRING,0.012911555842479019
POWER OF ONE,0.0880503144654088
GRACYDAD,0.03259351233897253
GLOBAL DOMINATION,0.017271157167530225
PERPETUAL JOYANCE,0.15120967741935484
TELECOM BOOM,0.026950354609929075
GREENERY FORTUNE,0.010101010101010102
SUPER FORM,0.022172949002217293
SEE ME NOW,0.015463917525773195
WASHINGTON HEIGHTS,0.2298850574712644
YOUNG EMPIRE,0.02610114192495921
BEAUTY CONNECTION,0.05374538125629829
JOYFUL TRINITY,0.11382113821138211
AMAZING AGILITY,0.023929169657812874
WISKY,0.14972419227738376
MOMENT OF POWER,0.15776699029126212
FAST ROCKET,0.012269938650306749
YOU HAVE MY WORD,0.010263929618768328
HAPPY FIERY DRAGON,0.04497751124437781
NO LAUGHING MATTER,0.023743016759776536
VERBINSKY,0.0840751730959446
LAMAROSA,0.04932735426008968
SKY KING,0.03734510269903243
SUPER CLAN,0.02858399296394019
THE ALFONSO,0.055045871559633024
BOBO SO CUTE,0.010256410256410256
VALIANT SOLDIER,0.010101010101010102
SHENG LI WIN,0.010101010101010102
BAD BOY,0.0937766410912191
GENTRY,0.02620967741935484
MANFUL STAR,0.014492753623188406
GREAT STRONG,0.010101010101010102
GOLDEN SUN,0.038042099923915794
AIMING HIGH,0.012371134020618558
MEGA RED,0.0671785028790787
GENTLEMEN,0.039312039312039304
HAPPY THREE,0.010822510822510822
VICTORY MARVEL,0.15544041450777202
CRICKET VICI,0.010101010101010102
SHARP SAILOR,0.04057228272474909
HAPPY GAINS,0.01502911891790344
NAMJONG INVINCIBLE,0.11904761904761904
SHAMAL,0.0194765672550213
ACTUARIAT,0.015701181720518965
SMILING GLORY,0.0474342388960759
GREAT JOY,0.06857142857142857
WONDERFUL JOURNEY,0.04281037522034752
JUBILEE FUN,0.010101010101010102
COOL AND NEAT,0.1037735849056604
FIONESAY,0.10159651669085631
LOOK ERAS,0.042664138421426884
BEAR CHUM,0.15795868772782504
ARM RUNDA,0.10913268236645607
MAMBO ROCK,0.05988023952095808
HOLY UNICORN,0.022611644997173545
BEST REWARD,0.01929053691994427
SILVERFIELD,0.017452006980802796
MUTUAL JOY,0.046473482777474026
RAPIDASH,0.016348773841961855
LUCKY SEVEN,0.07945516458569807
HAPPY LIFE,0.07189542483660132
SUNNY WIN,0.02384856163362648
FLARING SPEED,0.050933786078098474
FAIRY TWINS,0.11661807580174928
EASY TOUCH,0.023552230534774173
UNLEASHED DRAGON,0.040615027560197275
INVINCIBLE DRAGON,0.19569471624266144
GREEN CARD,0.13530927835051546
SUN TOUCH,0.06269592476489028
DIGITAL GENERATION,0.01098901098901099
POSITIVE FORCE,0.010101010101010102
BABA MAMA,0.06436314363143632
BIG BANG BONG,0.053626869884278866
TRAVEL SUCCESSOR,0.017804154302670624
MISTRAL,0.010775862068965518
STAR GLENEALY,0.010101010101010102
CLASSIC VINEGAR,0.044444444444444446
BOLSHOI BALLET,0.04184100418410042
LOVELY DAY,0.07722007722007722
ERTIJAAL,0.017543859649122806
RISING ROMANCE,0.015873015873015872
SATONO CROWN,0.07142857142857142
DON WONGCHOY,0.02321428571428571
STRATHCLYDE,0.12820512820512822
FRUITION,0.043478260869565216
JOY PLUS FUN,0.020671834625323
CHAUTAUQUA,0.35714285714285715
SAFETY CHECK,0.03571428571428571
BOW CREEK,0.017241379310344827
BALAY BALAY,0.015399422521655439
FLYING PROSPERITY,0.012195121951219513
VICTORY DAY,0.030309590820523924
PEARL HARBOUR,0.010101010101010102
THE FULL BLOOM,0.03518029903254177
MR POTENTIAL,0.036567528035104824
CLASSIER,0.010101010101010102
ARIZONA BLIZZARD,0.12422360248447203
LUCKY SEVEN STARS,0.026604068857589987
HOUSE OF FUN,0.2318840579710145
GOLDEN ACHIEVER,0.05624296962879641
HARRIER,0.010101010101010102
LOVE SHOCK,0.37037037037037035
SOARING WYVERN,0.02093692750588851
MR BOGART,0.1553398058252427
FUN MANAGER,0.014406779661016951
ENREACHING,0.0584795321637427
PRECISIONCRAFTSMAN,0.02425373134328358
MONEY MAN,0.012610340479192938
AMRITSARIA,0.027675276752767524
FIONN'S CITY,0.0199203187250996
DR LISTENING,0.2412280701754386
AEROLUMINANCE,0.04825538233110616
HAPPY WAY WINNER,0.014662756598240472
WONDERFUL CHASER,0.024460751612185902
MEISTERSTUECK,0.025438819638768758
DASHING DART,0.028932140978432407
RADIANT STEED,0.030444489547391918
RESPLENDENT GLORY,0.14492753623188406
GOLDIE FLANKER,0.022731577950369387
DIGITAL PIONEER,0.012600229095074456
KING'S MAN,0.044036697247706424
HARMONY PARTNERS,0.011881188118811881
MY BLESSING,0.027350427350427357
TRAVEL DATUK,0.030663780663780667
JUNZI,0.06574141709276844
SUPER TURBO,0.07445589919816724
HROVAT,0.01951219512195122
FAST BALL,0.010526315789473684
CALL ME HANDSOME,0.1680672268907563
CHEER WIN,0.08183306055646482
SEA JADE,0.1564245810055866
AMBITIOUS HEART,0.04973357015985791
GAINFULJET,0.04341534008683068
CARRY TO WIN,0.023554603854389723
BUMBLE BABY,0.0427594070695553
THE CHAMP,0.012106537530266345
AUDACITY,0.01674641148325359
SMART BOY,0.11001100110010999
WHAT MAN HORSE,0.010101010101010102
ROYAL ELITE,0.01821862348178138
PACKING STARCRAFT,0.10115606936416184
VERY RICH MAN,0.03971119133574007
WORKS OF ART,0.08643976229065368
NASHASHUK,0.09267840593141799
MASTER GOLD,0.018984337921214997
AMBITIOUS PINS,0.04571026722925458
D B PIN,0.3515625
REGENCY HORSE,0.12461059190031153
THUNDER STOMP,0.024254529890141246
ELECTRONIC EMPIRE,0.023696682464454975
SUNNY ORIENT,0.05030181086519115
RED HORSE,0.019172829361818678
EVEREST,0.04458856911228213
STARLIGHT,0.09491525423728812
G-ONE UNION,0.02092050209205021
BEAUTY FLARE,0.017520805957074028
WUSHU CHAMPION,0.044277929155313346
CALL ME AWESOME,0.02056555269922879
SHINNING MOON,0.017953321364452424
CITY WINNER,0.010101010101010102
PAKISTAN STAR,0.21999999999999997
GAME OF FUN,0.1858736059479554
GO BEAUTY GO,0.1229148375768218
MORDICUS,0.05805515239477503
CAPE THE FAITH,0.01253357206803939
STAR SUPERIOR,0.02200778737091586
AMAZING RACE,0.02443280977312391
JOLLY CONVERGENCE,0.024989587671803412
SMILING CHARM,0.07678676904902539
WIN FOR CHARITY,0.013636363636363637
DESCENDANT,0.07692307692307693
WINFIELD,0.0665188470066519
EMPIRE OF MONGOLIA,0.01714898177920686
ENDEARING,0.027972027972027965
ORIONIDS,0.03297362110311751
YORKSHIRE DALES,0.010101010101010102
GORGEOUS AGAIN,0.026229508196721315
HAPPY CHEERS,0.040526849037487336
JOYFUL PARK,0.013358778625954198
JING JING WIN,0.606060606060606
JUMBO HAPPINESS,0.03864734299516908
OUR HERO,0.04256526674233825
NAVAS,0.04838709677419355
DRAGON WARRIOR,0.08264462809917356
DARING FIT,0.07503410641200546
WINNINGLI,0.060422960725075525
DUKEDOM,0.026607538802660754
HAPPY BEAUTY,0.014778325123152709
STAR OF YAN OI,0.04110152075626798
SPICY KAKA,0.11850501367365542
RAICHU,0.010484927916120577
PREMIERE,0.22304832713754646
STARLOT,0.05481120584652863
FANTASTIC FABIO,0.014925373134328358
RED SUN,0.011782032400589101
SUPER EURO STAR,0.016036349057864493
DAZZLE,0.01568627450980392
UNICRON JEWELLERY,0.2641509433962264
DINOZZO,0.09909909909909911
DOUBLE DOWN,0.055865921787709494
NOBLE DE LOVE,0.07818608287724786
STARSHIP,0.04087699739873653
BRING IT ON,0.031131096506399166
FAVOURITISM,0.03937007874015748
LITTERATEUR,0.014668622482997733
SILVER SPUN,0.07278020378457059
THE SUPREME,0.038348082595870206
QUANTUM DASH,0.047619047619047616
ELEGANT TAPESTRY,0.010101010101010102
PACKING GENIUS,0.011881188118811881
SUNNY DRAGON,0.041628122109158186
DRAGON DANCE,0.010101010101010102
ROMAN IMPERO,0.0149812734082397
REGENCY BO BO,0.2510460251046025
GENEROUS HEART,0.09933774834437087
CHEERS CONQUEROR,0.04032258064516129
ENCHANTED FEELING,0.017582417582417582
VICTORY MACHINE,0.043273013375295044
CONVINCIBLE,0.04329004329004328
AUTOPAY,0.037144036318613294
BEAT THE CLOCK,0.4972375690607735
WINNER'S WAY,0.0958772770853308
PRAWN BABA,0.0718562874251497
AMAZING GOLD,0.016710764517476676
FLYING GODSPELL,0.08991008991008992
PRINCE HARMONY,0.052980132450331126
BONITO,0.012422360248447204
FRUITFUL LIFE,0.010101010101010102
EASTERN PROWESS,0.018430348640761787
SOUTHERN EXPRESS,0.22556390977443613
GOOD CHOICE AHEAD,0.01818181818181818
WATER DIVINER,0.0847457627118644
EL SHERIF,0.013114754098360656
DIAMOND LEGEND,0.011848341232227487
HERE WE COME,0.015151515151515152
CELESTIAL NOVA,0.013422818791946308
WESTERN EXPRESS,0.18556701030927833
SEASONS BLOOM,0.13740458015267176
THE JAZZ,0.01821862348178138
RAPHAEL,0.016835016835016835
ASSOCIATION FANS,0.013888888888888888
POWERMAX,0.09523809523809523
ISAAC,0.1342281879194631
JUMBO LUCK,0.33112582781456956
MONEY BOY,0.25440313111545987
CATCHMEIFYOUCAN,0.014681892332789558
FOXBAT,0.017804154302670624
SKY TREASURE,0.015606034333275535
GOOD MATE,0.011049723756906077
CROWN AVENUE,0.01703093954016463
DARING HEART,0.05079006772009029
LUCKY KINGDOM,0.03225806451612903
STAR OF PATCH,0.1724137931034483
FOX SUNTER,0.0316622691292876
EXPONENTS,0.017241379310344827
YOU KNOW WHO,0.018691588785046728
KWAICHUNG BROTHERS,0.031407035175879394
DOCTORS DELIGHT,0.01904761904761905
TOP SCORE,0.09345794392523366
PROUD SKY,0.012428298279158699
CIRCUIT HASSLER,0.02174385736029572
WHOOP WHOOP,0.02145922746781116
DOUBLE DOUBLE,0.010101010101010102
NOTED PERFORMER,0.014527845036319613
GOBI STORM,0.018854584020740042
GOOD COMPANION,0.10269576379974325
CURLING LUXURY,0.021155066638459914
FORTUNE BROTHERS,0.0170261066969353
KING MORTAR,0.06685236768802229
SUPER WISE,0.13636363636363633
APPLAUSE,0.016666666666666666
LUCKY WAN FENG,0.13245033112582782
CALIFORNIA WHIP,0.15625
SUNNY WAY,0.045492142266335814
JE PENSE,0.018307833137177976
FIRST FONTEIN,0.021008403361344536
KEEN VENTURE,0.04909180166912126
SWISS WARRIOR,0.028030833917309043
BURST AWAY,0.023809523809523808
EAGLE WAY,0.11023622047244094
BOOMING DELIGHT,0.1879699248120301
ELUSIVE STATE,0.010434782608695653
ONE FOOT IN HEAVEN,0.05263157894736842
SMART LAYER,0.014492753623188406
BENZINI,0.010101010101010102
GARLINGARI,0.011627906976744186
QUECHUA,0.010101010101010102
BIG ORANGE,0.05555555555555555
SILVERWAVE,0.1
SIGNS OF BLESSING,0.010101010101010102
TAKEDOWN,0.04
BIG ARTHUR,0.14285714285714285
REBEL DANE,0.012345679012345678
RED FALX,0.0625
GROWL,0.010101010101010102
LOGOTYPE,0.07692307692307693
NEOREALISM,0.12121212121212122
COUGAR MOUNTAIN,0.010101010101010102
ELLIPTIQUE,0.014285714285714285
QUEENS RING,0.09090909090909091
LET US WIN,0.03500954805856143
OH SO EASY,0.010526315789473684
HEALTHY LUCK,0.16064257028112452
INDIGENOUS STAR,0.06060606060606061
DASHING POWER,0.012422360248447204
FURLONG DRAGON,0.0102880658436214
VICTORY MUSIC,0.044117647058823525
MOST BEAUTIFUL,0.08620689655172413
SANGRIA,0.010819165378670788
AGREE,0.07083065035415324
TANG FLEMING,0.09140767824497258
LE PANACHE,0.010638297872340425
CONTRIBUTION,0.12536162005785922
HINYUEN SWIFTNESS,0.012077294685990338
BEAUTY GENERATION,0.15418502202643172
WHO DAT SINGA,0.051513200257566
RAGHU,0.012531328320802006
SUPER DUKE,0.02097064110245656
ZOOMOOL,0.011527377521613832
SUPER SIXTEEN,0.08771929824561404
FAIR COMMENT,0.015810276679841896
LITTLE DEVIL,0.025862068965517244
ISTANBUL BEY,0.027247956403269758
EXCITING MOMENT,0.02531645569620253
WINNING VANGOGH,0.03389830508474576
SUPER CHIC,0.018808777429467086
MONGOLIAN KING,0.07698887938408898
BOND ELEGANCE,0.10940919037199125
WINNING CONTROLLER,0.02348993288590604
BELOVED,0.0121580547112462
INFINITY ENDEAVOUR,0.27173913043478265
RATTAN,0.15957446808510642
FUN MACHINE,0.018018018018018018
JADE THEATRE,0.028129395218002808
ART OF RAW,0.0111731843575419
RODRICO,0.016913319238900635
MY GIFT,0.012334258402713537
PADDINGTON,0.03666361136571952
WHISTLE UP,0.01097560975609756
WHAT ELSE BUT YOU,0.1234567901234568
ENCOUNTER,0.058823529411764705
DR WIN WIN,0.011210762331838564
TELECOM TITAN,0.011627906976744186
DON'T MISS,0.032493907392363935
HAPPY HAPPY STAR,0.14970059880239522
PLANET STAR,0.16835016835016833
SUPER JUNIOR,0.029069767441860465
GLORIOUS PARTNERS,0.012232415902140673
MORETHANLUCKY,0.08264462809917356
PERFECT LIFELINE,0.012539184952978056
SUPREME PRIDE,0.010101010101010102
M REBORN,0.014150943396226414
GRADE ONE,0.03453379378391712
KEEP MOVING,0.16339869281045752
CITY LEGEND,0.04296455424274973
MERRYGOWIN,0.2604166666666667
VITAL SPRING,0.12678288431061807
JOLLY AMBER,0.013782542113323124
GENERAL O'REILLY,0.010101010101010102
LUNAR ZEPHYR,0.07246376811594203
TIME WARP,0.11235955056179775
HIGH SPIRIT,0.045454545454545456
NOTHINGILIKEMORE,0.5063291139240506
HALL OF FAME,0.019002375296912115
RED ELYSEES,0.019230769230769232
ROMAN ODYSSEY,0.07858546168958742
BIG FLASH,0.11160714285714286
EXPERTO CREDE,0.0259000259000259
HELENE CHARISMA,0.04736530491415039
DESTIN,0.06572769953051644
ROYAL PERFORMER,0.025823111684958037
LIMITLESS,0.11784511784511786
DYNAMIC LIONS,0.015810276679841896
INDIGENOUS UNION,0.038461538461538464
SCARBOROUGH FAIR,0.017804154302670624
LET'S TAKE IT EASY,0.010112359550561799
STAR OF JOY,0.11516314779270632
BRAVO WATCHMAN,0.4166666666666667
MULTIGOGO,0.20833333333333334
MR ORIOLE,0.02514668901927913
CORRE RAPIDO,0.01990049751243781
GREEN ENERGY,0.099009900990099
CELESTIAL ARROW,0.012738853503184714
DELIGHT EXPRESS,0.010101010101010102
MAGIC LEGEND,0.20710059171597633
BIG TIME BABY,0.01680672268907563
INTREPIC,0.015414258188824663
SICHUAN BOSS,0.015280135823429542
WINWIN RUBY,0.034129692832764506
UNITY,0.010101010101010102
TOP LAURELS,0.05
CHUNG WAH SPIRIT,0.13761467889908258
PRETTY BAUHINIA,0.02702702702702703
CALIFORNIA ASPAR,0.017304364545279755
SMART BABY,0.010101010101010102
URBAN CHIC,0.011494252873563218
GOLD LAND,0.027131782945736437
BEST STEP,0.1935483870967742
COMPASSION STAR,0.028694404591104734
ELECTRIC LIGHTNING,0.054446460980036304
DAZZLE WINNER,0.010101010101010102
BEEKELY,0.04145077720207254
GOLD MOUNT,0.09876543209876543
DEE DEE D'OR,0.02112676056338028
BULLISH GLORY,0.012224938875305624
LUCKY POWER,0.03380662609871535
SUNSHINE UNIVERSE,0.05940594059405941
STARLIT KNIGHT,0.010968921389396709
GRACIOUS RYDER,0.07936507936507936
PERFECT TOUCH,0.010101010101010102
COOL BROTHERS,0.027510316368638238
MONEY MONEY,0.11363636363636363
SAKURA FIGHTER,0.016901408450704227
SUCH A HAPPINESS,0.12552301255230128
SHARPMIND,0.02699055330634278
FANTASTIC EIGHT,0.29940119760479045
MI BLANCO,0.03636363636363636
UP TO YOU,0.01639344262295082
GOLDEN DOUBLE,0.010101010101010102
KELOWNA STAR,0.010101010101010102
SPARTA,0.012987012987012988
PERFECT ALLOY,0.010101010101010102
RIVER BOBO,0.010101010101010102
PACKING STONES,0.06779661016949153
RULE THEE,0.013824884792626729
OPEN HOUSE,0.01037344398340249
HAY RUN,0.013043478260869565
TORNEY,0.03225806451612903
REAL DEAL,0.013133208255159476
HURRICANE HUNTER,0.039708802117802776
COLOURFUL ACHIEVER,0.013257575757575758
GODSPEED,0.016574585635359115
EXCEPTIONAL DESIRE,0.016666666666666666
EMPIRE STAR,0.030097817908201662
GOLD VELVET,0.011516314779270634
CHEERFULJET,0.09090909090909091
LOADED,0.01020408163265306
OHANA,0.011049723756906077
FULL GLAMOUR,0.011904761904761904
VIVA COUNCIL,0.014662756598240468
REGENCY HONEY,0.016203703703703703
ENCORE BOY,0.21097046413502107
TOURBILLON KING,0.02573340195573855
ADMIRABLE,0.017341040462427747
SICHUAN CHIEF,0.07692307692307693
OCULIST,0.014925373134328358
HAIR TRIGGER,0.065237651444548
AMAZING,0.10416666666666667
PRIMERO,0.023972602739726026
AGILITY HERO,0.011627906976744186
ROCKETEER,0.05296610169491526
FLYING QUEST,0.011627906976744186
ALL BEST FRIENDS,0.021008403361344536
RIGHT HONOURABLE,0.011627906976744186
SAM'S LOVE,0.2542372881355932
HIGH ENERGY,0.014634146341463415
GENERAL DINO,0.037267080745341616
BEAUTY WAY,0.033003300330033
NASSA,0.04838709677419355
THE INVINCIBLE,0.011627906976744186
SIGHT LEADER,0.588235294117647
CELEBRATION,0.011594202898550725
G'DAY MATE,0.045454545454545456
MISTER MONTE,0.013333333333333334
GIOVANNI BATTISTA,0.010101010101010102
SUPER GOAL,0.010101010101010102
PLAY IT,0.012048192771084338
DALRADIAN,0.03787878787878788
HO HO HORSE,0.011709601873536299
AMUSING CITY,0.13793103448275862
LUCKY MASTER,0.4347826086956522
CONFUCIUS WARRIOR,0.14084507042253522
RIVERSIDE BIRD,0.026178010471204185
LUCKY REIGN,0.018885741265344664
ELEGANCE PROMISE,0.01829268292682927
THE JUDGE,0.01932367149758454
JOYFUL FOREVER,0.010101010101010102
ALCAZAR,0.012012012012012012
NICE FANDANGO,0.13937282229965156
KIWI SUNRISE,0.012658227848101266
ROCHFORD,0.01646090534979424
GRAN MASTER,0.03633060853769301
PERFECT CHOICE,0.017889087656529516
ROYAL MOJITO,0.011730205278592375
THE GOLDEN AGE,0.03529411764705882
RELENTLESS ME,0.22727272727272727
ALL YOU NEED,0.1777777777777778
OWNERS' PRESTIGE,0.046511627906976744
ELUSIVE RAIN,0.010101010101010102
THE UNITED STATES,0.02040816326530612
DICTON,0.015384615384615385
LUCKY DOLLAR,0.10169491525423728
GOLDINGTON HORN,0.012106537530266345
EVER STRONG,0.01171875
GRANITE BELT,0.036683785766691124
ENJOY LIFE,0.010416666666666666
FLYING NOBLE,0.010126582278481013
RADIANT TREASURE,0.010101010101010102
STORMY ANTARCTIC,0.034482758620689655
CONVEY,0.018867924528301886
LITTLE GIANT,0.5128205128205129
KYRUS BOWSER,0.018633540372670808
HOT KING PRAWN,0.8333333333333334
FANTASTIC SHOW,0.03831417624521072
A SHIN HOOF,0.020618556701030927
BONUS KING,0.02247191011235955
HEHA BOY,0.01037344398340249
IVICTORY,0.36697247706422015
HAR HAR HEART,0.027777777777777776
GOLDEN KID,0.010101010101010102
MEGA TREASURE,0.010101010101010102
JOLLY BOUNTIFUL,0.27322404371584696
WONDERFUL TIGER,0.010101010101010102
MONEY WINNER,0.022556390977443608
HAPPY SEA DRAGON,0.014354066985645932
ACCESSION YEARS,0.05199306759098787
HAPPY OUT THERE,0.010101010101010102
QUICK RETURN,0.03076923076923077
DOLLAR REWARD,0.045004500450045004
COLCHESTER,0.011583011583011584
THE JOY OF GIVING,0.011450381679389313
SOUTHERN LEGEND,0.0966183574879227
ZERO HEDGE,0.1382488479262673
SIR REDALOT,0.19480519480519481
WINNER DON'T MISS,0.043478260869565216
BANK ON RED,0.18181818181818182
FOR YIU POWER UP,0.010101010101010102
TELECOM SUN,0.020134228187919465
GAMECHANGERS,0.08583690987124463
MASTER BERNINI,0.011363636363636364
EVER LAUGH,0.19230769230769235
HAPPY HAPPY,0.01694915254237288
REMARKABLE,0.03901170351105331
PINGWU SPARK,0.37037037037037035
POWER OF PATCH,0.014598540145985401
WINNERS PIONEER,0.010101010101010102
NUCLEAR POWER,0.011627906976744186
WINNING FAITH,0.012345679012345678
FORTUNE PATROL,0.010101010101010102
BEAUT BEAUT,0.06993006993006992
OCEAN ELITE,0.15384615384615385
LIGHTNING MISSILE,0.014285714285714285
SUPREME STORM,0.010101010101010102
A STAR LUSTER,0.010101010101010102
MASTER ALBERT,0.4347826086956522
DOUBLE VALENTINE,0.012658227848101266
MARQULA,0.023255813953488372
MAGIC AGILITY,0.010101010101010102
BINGO,0.09433962264150944
CHAPARRAL STAR,0.03636363636363636
BULB ELITE,0.011049723756906077
LEAN AMBASSADOR,0.010101010101010102
PENZANCE,0.11235955056179775
SO GENEROUS,0.010101010101010102
BRAVE LEGEND,0.05263157894736842
PHANTOM FALCON,0.1092896174863388
SHANGHAI MASTER,0.024691358024691357
TRAVEL EMPEROR,0.7142857142857143
SACRED IBIS,0.08333333333333333
SNOW HAWK,0.010101010101010102
SUPER LUCKY,0.010101010101010102
CREME BRULEE,0.011764705882352941
CHIMBORAA,0.011049723756906077
LEISURED FEET,0.3333333333333333
THE LEGEND,0.010869565217391304
SAVANNAH WIND,0.012345679012345678
SHALLUCK,0.013888888888888888
WINNING SUPREME,0.010101010101010102
JOLLY GAINS,0.06896551724137931
LUCKY TIME,0.041666666666666664
SAUL'S SPECIAL,0.010101010101010102
GALLANT RETURN,0.05263157894736842
STRATHSPEY,0.02040816326530612
LUCKY STRYKER,0.027777777777777776
CHATER THUNDER,0.034482758620689655
STAR OF HONG KONG,0.010101010101010102
COBY BOY,0.01020408163265306
FAITHFUL TRINITY,0.01818181818181818
GOKO,0.09090909090909091
MAGICAL CHAMPION,0.010101010101010102
KHAKI,0.17543859649122806
TRIUMPHAL TRUMPET,0.030303030303030304
SWEETIE BARLEY,0.03333333333333333
FIFTY FIFTY,0.05
CALCULATION,0.2173913043478261
MIGHTY BOY,0.024390243902439025